"Team","VAR","Player","ADP","Pos","Site Pos","GS","W","L","T/O","SO","SV","SV%","GA","GAA","SA","Points"
"Jets","107.5","Connor Hellebuyck","9.6","G","G","62","39.1","19.4","3.6","6.3","1621","0.923","135.2","2.18","1756.2","202.2"
"Lightning","77.6","Andrei Vasilevskiy","15.4","G","G","62","37.2","20.7","4","4.6","1642.4","0.914","154.5","2.49","1796.9","172.3"
"Stars","66.6","Jake Oettinger","18.1","G","G","58","36.8","15.8","5.4","2.9","1521.8","0.912","146.8","2.53","1668.6","161.3"
"Panthers","61","Sergei Bobrovsky","45.8","G","G","54","35.1","16.7","2.2","4.6","1348","0.91","133.3","2.47","1481.3","155.7"
"Kings","51","Darcy Kuemper","50.6","G","G","55","30.6","17.2","7.2","4.6","1332.1","0.915","123.7","2.25","1455.8","145.7"
"Rangers","46.7","Igor Shesterkin","31.4","G","G","58","31.8","22.5","3.6","4.8","1550.1","0.909","155.2","2.68","1705.3","141.4"
"Maple Leafs","46.4","Anthony Stolarz","65.1","G","G","47","26.8","14.4","5.8","4.8","1266.1","0.922","107.1","2.28","1373.2","141.1"
"Wild","39.2","Filip Gustavsson","53.0","G","G","52","29","17","6","4.3","1399.5","0.912","135","2.6","1534.6","133.9"
"Knights","38.7","Adin Hill","58.1","G","G","50","31.3","14.5","4.2","3.3","1271.3","0.908","128.8","2.58","1400.1","133.4"
"Avalanche","37.3","Mackenzie Blackwood","27.4","G","G","50","31.1","16.2","2.7","3.1","1261.2","0.908","127.8","2.56","1389","132"
"Oilers","32.3","Stuart Skinner","131.9","G","G","52","32.4","14.8","4.8","2.4","1309.5","0.903","140.7","2.71","1450.2","127"
"Predators","31.6","Juuse Saros","98.2","G","G","62","31.6","24.7","5.5","3.4","1670.8","0.904","177.4","2.86","1848.3","126.3"
"Flames","29.8","Dustin Wolf","63.4","G","G","56","28.7","19.8","7.5","2.7","1452.6","0.91","143.7","2.57","1596.2","124.5"
"Islanders","29.3","Ilya Sorokin","59.0","G","G","60","27.2","24.2","8.6","3.8","1644.2","0.911","160.6","2.68","1804.8","124"
"Senators","21.9","Linus Ullmark","79.6","G","G","44","25.8","15.8","2.3","3.1","1171.5","0.912","113","2.57","1284.5","116.6"
"Capitals","19.2","Logan Thompson","71.5","G","G","45","26.8","12.5","5.7","1.8","1171.6","0.91","115.9","2.57","1287.5","113.9"
"Canadiens","16.7","Sam Montembeault","107.4","G","G","57","28.5","22.1","6.4","3.7","1584.4","0.902","172.1","3.02","1756.6","111.4"
"Hurricanes","15.6","Frederik Andersen","157.8","G","G","39","25.7","12.1","1.2","2.9","889.8","0.908","90.2","2.31","980","110.3"
"Blues","13.5","Jordan Binnington","93.8","G","G","56","27.7","23.3","5","2.8","1486.7","0.903","159.7","2.85","1646.4","108.2"
"Devils","12.9","Jacob Markstrom","73.1","G","G","49","28.2","14.9","7","2.8","1218.2","0.9","135.4","2.76","1353.6","107.6"
"Kraken","12.2","Joey Daccord","133.4","G","G","55","24.9","23","7.1","2.5","1409.4","0.909","141.1","2.57","1550.5","106.9"
"Utah","10.3","Karel Vejmelka","140.7","G","G","55","28.7","19.6","6.7","1.6","1482.8","0.901","162.9","2.96","1645.7","105"
"Canucks","7.4","Thatcher Demko","92.9","G","G","48","24.1","18.9","5","3.4","1204.8","0.906","125","2.6","1329.8","102.1"
"Hurricanes","7.3","Pyotr Kochetkov","107.7","G","G","43","24.9","13","5.2","3.2","975.7","0.903","104.8","2.44","1080.5","102"
"Blue Jackets","0","Jet Greaves","165.2","G","G","42","20.7","16.5","5","4","1220.9","0.909","122.2","2.91","1343.1","94.7"
"Bruins","-0.1","Jeremy Swayman","112.9","G","G","55","23.4","24.3","7.3","4.1","1443.1","0.903","155.6","2.83","1598.7","94.6"
"Red Wings","-3.5","John Gibson","167.4","G","G","45","20.9","19.6","4.5","2.1","1218.1","0.91","120.5","2.68","1338.6","91.2"
"Ducks","-5.7","Lukas Dostal","134.3","G","G","50","24.7","19.2","6.1","0.9","1498.4","0.902","162.3","3.25","1660.8","89"
"Blackhawks","-11.3","Spencer Knight","171.3","G","G","53","21.9","28.3","2.9","3","1521.3","0.902","165.3","3.12","1686.6","83.4"
"Maple Leafs","-14.2","Joseph Woll","147.3","G","G","35","19.7","13.9","1.5","0.6","929.5","0.909","93.1","2.66","1022.6","80.5"
"Senators","-16.8","Leevi Merilainen"," - ","G","G","38","18.7","15.5","3.8","2.7","1004","0.905","105.4","2.77","1109.3","77.9"
"Flyers","-17","Samuel Ersson","174.3","G","G","47","21.9","19.9","5.1","2.9","1157","0.896","134.3","2.86","1291.2","77.7"
"Avalanche","-18.2","Scott Wedgewood","188.0","G","G","32","18.7","10.3","3.1","1.6","805.4","0.906","83.6","2.61","888.9","76.5"
"Sabres","-22.1","Ukko-Pekka Luukkonen","181.4","G","G","48","20.6","21.6","3.8","2.5","1270.9","0.898","144.4","3.01","1415.3","72.6"
"Capitals","-26.4","Charlie Lindgren","182.0","G","G","37","17.4","15.5","4.1","2.3","954.8","0.902","103.7","2.8","1058.6","68.3"
"Penguins","-26.8","Tristan Jarry","174.0","G","G","45","17.7","20.3","6.9","3.6","1227.4","0.9","136.4","3.03","1363.7","67.9"
"Red Wings","-27.4","Cam Talbot","186.0","G","G","37","16.8","16.1","4.1","1.7","996.1","0.905","104.6","2.83","1100.6","67.3"
"Oilers","-27.6","Calvin Pickard","174.6","G","G","30","18.1","10.7","1.2","0.4","754.7","0.902","82","2.73","836.6","67.1"
"Knights","-28.5","Akira Schmid"," - ","G","G","32","17.6","9.4","5","0.6","809.2","0.903","86.9","2.72","896.1","66.2"
"Devils","-30.7","Jake Allen"," - ","G","G","33","16.9","13.2","1.8","2.2","819.5","0.899","92.1","2.79","911.6","64"
"Canucks","-30.8","Kevin Lankinen","171.0","G","G","34","15.3","12.6","6.1","2.3","852.5","0.905","89.5","2.63","941.9","63.9"
"Sabres","-32.5","Alex Lyon"," - ","G","G","34","16.3","16.8","2.9","1.6","904.2","0.902","98.2","2.89","1002.5","62.2"
"Panthers","-33.9","Daniil Tarasov"," - ","G","G","28","15.7","9.1","3.2","0.5","695.1","0.905","73","2.61","768.1","60.8"
"Kings","-34.9","Anton Forsberg"," - ","G","G","27","14","10.4","2.7","2.6","646.1","0.904","68.6","2.54","714.7","59.8"
"Blues","-35","Joel Hofer","192.0","G","G","26","14.7","9.1","2.2","0.9","693.3","0.907","71.1","2.73","764.4","59.7"
"Sharks","-35.2","Yaroslav Askarov","177.0","G","G","44","16.5","21.7","5.8","2.1","1291.4","0.901","141.9","3.22","1433.3","59.5"
"Wild","-41.5","Jesper Wallstedt"," - ","G","G","30","14.2","13.1","2.7","1.1","798.6","0.902","86.8","2.89","885.3","53.2"
"Stars","-42.4","Casey DeSmith","165.0","G","G","24","12","9","3","1.2","628.3","0.91","62.1","2.59","690.5","52.3"
"Penguins","-45.1","Arturs Silovs"," - ","G","G","37","14.4","17.8","4.9","1.5","1008","0.899","113.3","3.06","1121.3","49.6"
"Rangers","-46.9","Jonathan Quick"," - ","G","G","24","12.7","7.9","3.5","2.4","632.2","0.896","73.4","3.06","705.6","47.8"
"Blue Jackets","-48","Elvis Merzlikins"," - ","G","G","40","17.1","17.8","5","0.8","1141","0.892","138.2","3.45","1279.2","46.7"
"Flyers","-49.1","Dan Vladar","183.0","G","G","35","14.6","14.6","5.8","1.4","858.7","0.893","102.9","2.94","961.6","45.6"
"Utah","-55.2","Vitek Vanecek","186.0","G","G","27","12.7","10.3","3.9","1","721.4","0.893","86.4","3.2","807.9","39.5"
"Canadiens","-55.7","Jakub Dobes"," - ","G","G","25","10.6","9.1","5.3","1.7","692.6","0.899","77.8","3.11","770.4","39"
"Sharks","-56.6","Alex Nedeljkovic"," - ","G","G","38","12.9","19.2","5.9","1","1110.4","0.897","127.5","3.36","1237.9","38.1"
"Ducks","-57.2","Petr Mrazek"," - ","G","G","32","12.1","17.1","2.7","0.7","954.4","0.898","108.4","3.39","1062.9","37.5"
"Bruins","-57.5","Joonas Korpisalo"," - ","G","G","27","11.2","12.3","3.4","1.3","703.1","0.896","81.8","3.03","784.8","37.2"
"Lightning","-58.8","Jonas Johansson","182.0","G","G","20","10.4","6","3.6","1.3","518.2","0.894","61.4","3.07","579.7","35.9"
"Islanders","-60.4","David Rittich"," - ","G","G","22","10","10","2","0.8","594.3","0.898","67.5","3.07","661.8","34.3"
"Jets","-64.2","Eric Comrie"," - ","G","G","20","7.2","11.9","0.9","1.4","512.7","0.905","53.8","2.69","566.5","30.5"
"Predators","-65","Justus Annunen"," - ","G","G","20","8.6","10.5","1","1.5","533.6","0.895","62.6","3.13","596.2","29.7"
"Kraken","-67.7","Philipp Grubauer"," - ","G","G","27","10.3","15.2","1.5","0.6","677.4","0.89","83.7","3.1","761.2","27"
"Flames","-72","Devin Cooley"," - ","G","G","26","8.1","13.8","4.1","0.6","663.3","0.895","77.8","2.99","741.1","22.7"
"Blackhawks","-79.9","Arvid Soderblom"," - ","G","G","29","8.3","14.9","5.8","0","822.3","0.891","100.6","3.47","922.8","14.8"